giniguy,47a4aaeb-feae-366a-bb50-3db390c239cb
jezt,3d54efb8-b253-33dc-8324-c2dfaa6be244
boulderballs,c5c05e4f-d28e-3be0-9222-fffe440eb955
yuchipashe,c9032ef3-d7a8-3705-950c-f21ad7690523
jhor,82f182b3-716a-3898-ae1d-76f70444a8a2
johann,f160dbef-552f-3b70-af9a-129d0ff0c675
haowix,edb16021-4303-3474-b9d7-6032ec9edef2
redkgb,fa5d2c1a-04ef-3e73-8af8-39fa2c8b7252
boredchinese,19a71d19-5f35-36be-9bd0-06e9a0c0895b
lola_lola_69,60e0f5b2-7cc0-3b34-96d7-cd1f42cc7f68
youngi,eb7db53f-8f65-36ed-a73c-633579fee1d5
_mys,4a84cdca-02db-35df-b394-1d04eed16909
kdremeds,ce9932c4-dd5f-35bf-89f5-2e72b97a1bb2
rhimuru,6b3a6931-0a3d-3047-b666-efeb65132279
i_innocent,d24e8a07-27ec-3840-b8b4-e9249713acf2
jicoboy,77d88f3a-af9f-3b62-b86b-21ff1967e1d1
elytriem,540f7c58-58bf-3870-ab38-caf6866f5f72
bigpeen69,a7f6e7c7-b490-3fc3-87b0-e2f9a1ed2e6a
jonnski,e287ca4c-ccb5-3d46-8ab0-8f5098f10577
amubawrnaw21,d94b3d36-f3f0-3d76-972f-f2cc1d62bf16
arcosanti,a9e52362-e903-3089-8f30-1e5a3b7d754a
itsnine,1a52e85a-f5ed-3b0f-9f6b-6af568be7c1e
b03amba60s,e34f1202-9af7-31dc-be07-62a64aba4033
rimurotempest,7d77d651-9257-3898-84d6-c829d96d184f
imololakanding,72e8fd46-1c55-361b-bd3c-0da47c70bb81
viggle888,788159cd-40eb-355d-9c24-9445f8e03f97
ronai,38bc8697-e9f9-3f18-8336-b3f48d04ddbd
veldanava,98529259-229f-3242-ae42-1068efa707b2
primscar,55ad064b-9d45-328f-9085-2e3a25378943
lolo_lola_69,646085da-be96-308b-8634-fb8b260022a5
aomaris,d12cd002-80ee-3a68-9a02-e932462924f9
renzosy,7c500df4-7f2b-3441-a49d-22d8d4c1b10a
imonglolo,4fc8068e-17c2-310b-9224-c43ebd3e93c8
arrchiiee,8ab37728-5dc4-3d56-b222-9dee547c605d
garbaganoosh,9fad2bc3-c881-315d-90bf-71abae00e489
mangaboy5398,419c6fc8-50de-3a84-a6c2-b6e34c10baf1
itshmood02,ed896488-438c-3fae-9803-52e7995633c4
slaying_mobs09,8d839317-7602-3fcf-bec0-6b954ced071c
admin_shop,50a85783-5f43-338c-8132-b17d67decf1b
fkritz,76f1a2ac-693e-3061-aa4f-5b80da853173
miknuget,bc53bfe8-8ae5-3993-88d7-f685d730f2ef
jirahice,9033a18d-67a2-37d7-9e5c-d18220758d69
aviationcaptain,89261801-6091-318c-87e2-eccb6020106e
solenique,b79b0902-cfd2-3978-b6af-b23eb4c8b7c8
big_tasty,bcea9435-1386-3cb2-a2cd-2ea98eae3322
bojoluis,eccc13c0-72e7-3922-ad15-8a9e34673e61
lads,195970b1-2c78-31e9-b8b0-486b804db161
kobeboy15,dc70f05a-14b3-350c-91b3-ecddbe830761
